First Name,Last Name,Email,Company,Webiste,Last Contacted,Do not Contact,Contact Type
test,test,user1@test.com,Test Company,https://www.webpagetest.org/,08-10-2023,08-18-2023,Enterprise
test,test,user2@test.com,Test Company,https://www.webpagetest.org/,08-22-2023,08-22-2023,Individual
test,test,user3@test.com,Test Company,https://www.webpagetest.org/,08-23-2023,08-23-2023,Enterprise
test,test,user4@test.com,Test Company,https://www.webpagetest.org/,08-24-2023,08-24-2023,Individual
test,test,user5@test.com,Test Company,https://www.webpagetest.org/,08-25-2023,08-25-2023,Enterprise
test,test,user6@test.com,Test Company,https://www.webpagetest.org/,08-26-2023,08-26-2023,Individual
test,test,user7@test.com,Test Company,https://www.webpagetest.org/,08-27-2023,08-27-2023,Individual
test,test,user8@test.com,Test Company,https://www.webpagetest.org/,08-28-2023,08-28-2023,Enterprise
test,test,user9@test.com,Test Company,https://www.webpagetest.org/,08-29-2023,08-29-2023,Individual
test,test,user11@test.com,Test Company,https://www.webpagetest.org/,08-30-2023,08-30-2023,Enterprise
test,test,user12@test.com,Test Company,https://www.webpagetest.org/,08-31-2023,08-31-2023,Individual
test,test,user13@test.com,Test Company,https://www.webpagetest.org/,09-01-2023,09-01-2023,Enterprise
test,test,user14@test.com,Test Company,https://www.webpagetest.org/,09-02-2023,09-02-2023,Enterprise